{
  "lang":"en",
  "name":"pipeline",
  "version":"0.0.0",
  "spacy_version":">=3.7.4,<3.8.0",
  "description":"",
  "author":"",
  "email":"",
  "url":"",
  "license":"",
  "spacy_git_version":"bff8725f4",
  "vectors":{
    "width":0,
    "vectors":0,
    "keys":0,
    "name":null,
    "mode":"default"
  },
  "labels":{
    "tok2vec":[

    ],
    "ner":[
      "Skin disease"
    ]
  },
  "pipeline":[
    "tok2vec",
    "ner"
  ],
  "components":[
    "tok2vec",
    "ner"
  ],
  "disabled":[

  ],
  "performance":{
    "ents_f":0.9248622146,
    "ents_p":0.8700365492,
    "ents_r":0.9870622997,
    "ents_per_type":{
      "Skin disease":{
        "p":0.8700365492,
        "r":0.9870622997,
        "f":0.9248622146
      }
    },
    "tok2vec_loss":148.7275556877,
    "ner_loss":1794.68837273
  }
}