{
  "lang":"en",
  "name":"pipeline",
  "version":"0.0.0",
  "spacy_version":">=3.7.4,<3.8.0",
  "description":"",
  "author":"",
  "email":"",
  "url":"",
  "license":"",
  "spacy_git_version":"bff8725f4",
  "vectors":{
    "width":0,
    "vectors":0,
    "keys":0,
    "name":null,
    "mode":"default"
  },
  "labels":{
    "tok2vec":[

    ],
    "ner":[
      "Skin disease"
    ]
  },
  "pipeline":[
    "tok2vec",
    "ner"
  ],
  "components":[
    "tok2vec",
    "ner"
  ],
  "disabled":[

  ],
  "performance":{
    "ents_f":0.9241491018,
    "ents_p":0.8774686785,
    "ents_r":0.9760752948,
    "ents_per_type":{
      "Skin disease":{
        "p":0.8774686785,
        "r":0.9760752948,
        "f":0.9241491018
      }
    },
    "tok2vec_loss":121.9910842537,
    "ner_loss":1799.102347957
  }
}